{
  "version": "1.0",
  "defaultProvider": "cdnjs",
  "libraries": [
    {
      "library": "jquery@3.6.4",
      "destination": "Scripts/jquery/"
    },
    {
      "library": "jqueryui@1.13.2",
      "destination": "Scripts/jquery-ui/"
    },
    {
      "library": "twitter-bootstrap@5.3.0-alpha3",
      "destination": "Scripts/bootstrap/"
    },
    {
      "library": "font-awesome@6.4.0",
      "destination": "Scripts/font-awesome/"
    },
    {
      "library": "moment.js@2.29.4",
      "destination": "Scripts/momentjs/"
    },
    {
      "library": "marked@4.3.0",
      "destination": "Scripts/marked/"
    },
    {
      "library": "bs5-lightbox@1.8.3",
      "destination": "Scripts/bs5-lightbox/"
    }
  ]
}